id,model_name,rating,review_text,created_at
301,meta-llama/Meta-Llama-3.1-8B-Instruct-Turbo,1,"Terrible product, complete waste of money. It broke after one use and the customer service is awful. Would not recommend this product to anyone.",2025-12-08 11:45:01.000964
302,meta-llama/Meta-Llama-3.1-8B-Instruct-Turbo,2,"Not as described, has some issues that can't be ignored. The build quality feels cheap and the battery life is disappointing. Would not buy again.",2025-12-08 11:45:01.505039
303,meta-llama/Meta-Llama-3.1-8B-Instruct-Turbo,3,"It's okay, does the job but nothing impressive. Some features are great, others not so much. The design is decent, but the performance could be better. Overall, it's just an average product.",2025-12-08 11:45:01.506797
304,meta-llama/Meta-Llama-3.1-8B-Instruct-Turbo,3,"Works fine for basic use, but lacks some advanced features. The price is good, but the quality could be better. I'd recommend it for casual users, but not for those who need more.",2025-12-08 11:45:01.508112
305,meta-llama/Meta-Llama-3.1-8B-Instruct-Turbo,3,"Decent product, some good features, but also some issues. The noise level is high and the battery life is not great. However, it's still a good option for those who need a basic product.",2025-12-08 11:45:01.509416
306,meta-llama/Meta-Llama-3.1-8B-Instruct-Turbo,4,"Good product, satisfied with the performance. However, the build quality feels a bit cheap and the price could be lower. Still, it's a good option for those who need a reliable product.",2025-12-08 11:45:01.510707
307,meta-llama/Meta-Llama-3.1-8B-Instruct-Turbo,4,"Very good, small issue with the design. The product works well, but the aesthetics could be improved. Still, it's a great option for those who need a good product.",2025-12-08 11:45:01.511793
308,meta-llama/Meta-Llama-3.1-8B-Instruct-Turbo,4,"Great product, just wish it had more advanced features. The performance is good, but it's not the best in its class. Still, it's a good option for those who need a reliable product.",2025-12-08 11:45:01.512964
309,meta-llama/Meta-Llama-3.1-8B-Instruct-Turbo,5,"Absolutely perfect! Exceeded my expectations in every way. The design is great, the performance is top-notch, and the customer service is excellent. Highly recommend this product to anyone!",2025-12-08 11:45:01.514165
310,meta-llama/Meta-Llama-3.1-8B-Instruct-Turbo,5,"Excellent overall, perfect for my needs. The product works as intended, and the price is reasonable. I'm very happy with my purchase and would definitely recommend it to others.",2025-12-08 11:45:01.515239
311,meta-llama/Meta-Llama-3.1-8B-Instruct-Turbo,1,"Amazon Prime Video is a complete waste of money. The selection of movies and TV shows is terrible, and the quality of the content is poor. I have cancelled my subscription and will never use it again. The worst purchase I have ever made.",2025-12-08 11:45:05.407975
312,meta-llama/Meta-Llama-3.1-8B-Instruct-Turbo,2,"I am extremely disappointed with Amazon Prime Video. The service is slow and often buffers, and the selection of movies and TV shows is not as good as I expected. I have tried to cancel my subscription, but it's not easy. Not worth the money.",2025-12-08 11:45:06.006141
313,meta-llama/Meta-Llama-3.1-8B-Instruct-Turbo,3,"I have mixed feelings about Amazon Prime Video. On the one hand, it's convenient to have access to a wide range of movies and TV shows, but on the other hand, the quality of the content is often poor and the service can be slow. I would recommend it to others, but only if they are looking for something to watch on a lazy day. It's okay, but it's not perfect.",2025-12-08 11:45:06.007623
314,meta-llama/Meta-Llama-3.1-8B-Instruct-Turbo,3,"I have been using Amazon Prime Video for a while now, and I have to say that it's been a decent experience. The selection of movies and TV shows is good, and the service is generally reliable. However, I have noticed that the quality of the content can be poor at times, and the service can be slow. Overall, it's a decent service, but it could be better.",2025-12-08 11:45:06.008990
315,meta-llama/Meta-Llama-3.1-8B-Instruct-Turbo,3,"I was initially excited to try Amazon Prime Video, but my experience has been mixed. On the one hand, it's great to have access to a wide range of movies and TV shows, but on the other hand, the quality of the content can be poor and the service can be slow. I would recommend it to others, but only if they are looking for something to watch on a lazy day. It's not bad, but it's not great either.",2025-12-08 11:45:06.010382
316,meta-llama/Meta-Llama-3.1-8B-Instruct-Turbo,4,"I have been using Amazon Prime Video for a while now, and I have to say that it's been a great experience. The selection of movies and TV shows is excellent, and the service is generally reliable. I have only had a few issues with the service, but overall, it's been a good experience. I would highly recommend it to others.",2025-12-08 11:45:06.011458
317,meta-llama/Meta-Llama-3.1-8B-Instruct-Turbo,4,"I was a bit skeptical about Amazon Prime Video at first, but I have to say that it's been a great experience. The selection of movies and TV shows is good, and the service is generally reliable. I have only had a few issues with the service, but overall, it's been a good experience. I would recommend it to others.",2025-12-08 11:45:06.012907
318,meta-llama/Meta-Llama-3.1-8B-Instruct-Turbo,4,"I have been using Amazon Prime Video for a while now, and I have to say that it's been a great experience. The selection of movies and TV shows is excellent, and the service is generally reliable. I would highly recommend it to others.",2025-12-08 11:45:06.014307
319,meta-llama/Meta-Llama-3.1-8B-Instruct-Turbo,5,"Amazon Prime Video is an excellent service. The selection of movies and TV shows is vast, and the quality of the content is excellent. The service is generally reliable, and I have never had any issues with it. I would highly recommend it to others. It's been a game-changer for me and my family.",2025-12-08 11:45:06.015493
320,meta-llama/Meta-Llama-3.1-8B-Instruct-Turbo,5,"I have been using Amazon Prime Video for a while now, and I have to say that it's been a great experience. The selection of movies and TV shows is excellent, and the service is generally reliable. I would highly recommend it to others. It's been a great addition to my entertainment options.",2025-12-08 11:45:06.016485
321,meta-llama/Meta-Llama-3.1-8B-Instruct-Turbo,1,"I bought this product thinking it would be a good alternative to my old one, but it's been a complete waste of money. The quality is terrible, the materials are cheap, and it's already broken after a few uses. I would NOT recommend this product to anyone.",2025-12-08 11:45:09.328648
322,meta-llama/Meta-Llama-3.1-8B-Instruct-Turbo,2,"I was really looking forward to using this product, but it's been a disappointment. The features are not as described, and the build quality is subpar. It's not worth the money, and I would not recommend it to anyone.",2025-12-08 11:45:09.890521
323,meta-llama/Meta-Llama-3.1-8B-Instruct-Turbo,3,"I've had this product for a while now, and it's been an okay experience. The good things are that it's easy to use and has some great features. However, the battery life is pretty short, and the materials feel a bit cheap. Overall, it's an average product that gets the job done, but nothing special.",2025-12-08 11:45:09.892034
324,meta-llama/Meta-Llama-3.1-8B-Instruct-Turbo,4,"I was a bit skeptical about buying this product, but I'm really happy with it. The quality is great, the features are awesome, and it's really easy to use. My only criticism is that it could be a bit more portable, but overall, it's a great product that I would recommend to anyone.",2025-12-08 11:45:09.893578
325,meta-llama/Meta-Llama-3.1-8B-Instruct-Turbo,4,"I've been using this product for a while now, and it's been a game-changer. The features are amazing, the quality is top-notch, and it's really easy to use. My only criticism is that it's a bit pricey, but overall, it's worth every penny. I would definitely recommend this product to anyone looking for a great experience.",2025-12-08 11:45:09.894985
326,meta-llama/Meta-Llama-3.1-8B-Instruct-Turbo,4,"I was a bit hesitant to buy this product, but I'm really glad I did. The quality is great, the features are awesome, and it's really easy to use. My only criticism is that it could be a bit more durable, but overall, it's a great product that I would recommend to anyone.",2025-12-08 11:45:09.896274
327,meta-llama/Meta-Llama-3.1-8B-Instruct-Turbo,3,"I've had this product for a while now, and it's been an okay experience. The good things are that it's easy to use and has some great features. However, the battery life is pretty short, and the materials feel a bit cheap. Overall, it's an average product that gets the job done, but nothing special.",2025-12-08 11:45:09.897670
328,meta-llama/Meta-Llama-3.1-8B-Instruct-Turbo,3,"I've been using this product for a while now, and it's been a decent experience. The features are okay, the quality is average, and it's really easy to use. My only criticism is that it could be a bit more reliable, but overall, it's a decent product that gets the job done.",2025-12-08 11:45:09.898975
329,meta-llama/Meta-Llama-3.1-8B-Instruct-Turbo,5,"I'm absolutely thrilled with this product! The quality is top-notch, the features are amazing, and it's really easy to use. I was a bit skeptical at first, but it's exceeded my expectations in every way. I would highly recommend this product to anyone looking for a great experience.",2025-12-08 11:45:09.900002
330,meta-llama/Meta-Llama-3.1-8B-Instruct-Turbo,3,"I've had this product for a while now, and it's been an okay experience. The good things are that it's easy to use and has some great features. However, the battery life is pretty short, and the materials feel a bit cheap. Overall, it's an average product that gets the job done, but nothing special.",2025-12-08 11:45:09.900949
331,meta-llama/Meta-Llama-3.1-8B-Instruct-Turbo,1,Received a damaged product and the seller didn't respond to my emails. Complete waste of money. Would not recommend.,2025-12-08 11:45:14.116117
332,meta-llama/Meta-Llama-3.1-8B-Instruct-Turbo,2,Not impressed with the quality of this product. The material feels cheap and it's not as durable as I thought it would be. Not worth the price.,2025-12-08 11:45:14.592399
333,meta-llama/Meta-Llama-3.1-8B-Instruct-Turbo,3,"It's okay, but the build quality could be better. The product works fine for basic use, but it's not as sturdy as I would like. Good price, though.",2025-12-08 11:45:14.593900
334,meta-llama/Meta-Llama-3.1-8B-Instruct-Turbo,3,"Works fine, but I expected more. The product does what it's supposed to do, but it's not as efficient as I thought it would be. Some aspects are good, others could be better.",2025-12-08 11:45:14.595159
335,meta-llama/Meta-Llama-3.1-8B-Instruct-Turbo,4,"Great product, just wish it had a better battery life. Very good, but the battery could be improved. Highly recommend, though.",2025-12-08 11:45:14.596698
336,meta-llama/Meta-Llama-3.1-8B-Instruct-Turbo,4,"Love this product! It's exactly what I needed, and it works perfectly. The price is also very reasonable. Would highly recommend.",2025-12-08 11:45:14.597920
337,meta-llama/Meta-Llama-3.1-8B-Instruct-Turbo,5,"Absolutely perfect! The product exceeded my expectations in every way. The quality is top-notch, and the price is very reasonable. Highly recommend!",2025-12-08 11:45:14.599148
338,meta-llama/Meta-Llama-3.1-8B-Instruct-Turbo,5,"Best purchase ever! The product is amazing, and the seller is very responsive. Highly recommend this product and the seller!",2025-12-08 11:45:14.600323
339,meta-llama/Meta-Llama-3.1-8B-Instruct-Turbo,1,Worst purchase ever. The product arrived broken and the customer service was completely unhelpful. Would not recommend to anyone.,2025-12-08 11:45:18.839969
340,meta-llama/Meta-Llama-3.1-8B-Instruct-Turbo,2,"I was really looking forward to using this product, but unfortunately it's been a disappointment. The quality is not great and it's been giving me some issues. Not sure if it's worth the money.",2025-12-08 11:45:19.293906
341,meta-llama/Meta-Llama-3.1-8B-Instruct-Turbo,3,"It's okay. Does the job but nothing impressive. Some aspects are good, others could be better. The price is reasonable, but I'm not blown away by the product.",2025-12-08 11:45:19.295341
342,meta-llama/Meta-Llama-3.1-8B-Instruct-Turbo,4,"Great product, just wish it had a better warranty. The customer service was helpful and the product itself is really good. Highly recommended for the price.",2025-12-08 11:45:19.296600
343,meta-llama/Meta-Llama-3.1-8B-Instruct-Turbo,4,"Very good, small issue with the packaging. The product arrived quickly and the quality is great. Would definitely recommend to others.",2025-12-08 11:45:19.297697
344,meta-llama/Meta-Llama-3.1-8B-Instruct-Turbo,4,"Good product, just a few minor complaints. The price is reasonable and the product itself is really good. Maybe a few more features would be nice?",2025-12-08 11:45:19.298767
345,meta-llama/Meta-Llama-3.1-8B-Instruct-Turbo,5,Absolutely perfect! The product arrived quickly and the quality is top-notch. Highly recommended to anyone looking for a great deal.,2025-12-08 11:45:19.299817
346,meta-llama/Meta-Llama-3.1-8B-Instruct-Turbo,5,Exceeded my expectations! The product is amazing and the customer service is top-notch. Highly recommended to anyone looking for a great product.,2025-12-08 11:45:19.300793
347,meta-llama/Meta-Llama-3.1-8B-Instruct-Turbo,2,"I'm very disappointed with this product, it's not as described on the website. The quality is poor and it's not worth the price. I would not recommend it to anyone. The only good thing is the packaging, it's nice and sturdy.",2025-12-08 11:45:24.681560
348,meta-llama/Meta-Llama-3.1-8B-Instruct-Turbo,3,"This product is okay, it works fine for basic use but lacks some features that I was expecting. The build quality feels cheap and the battery life is disappointing. However, it's good for the price and I would recommend it to someone who is looking for a budget option.",2025-12-08 11:45:25.131904
349,meta-llama/Meta-Llama-3.1-8B-Instruct-Turbo,3,"This product is average, it's not bad but it's not great either. The features are okay, but the user interface is a bit confusing. Overall, it's a decent product, but I wouldn't say it's the best in its class.",2025-12-08 11:45:25.133679
350,meta-llama/Meta-Llama-3.1-8B-Instruct-Turbo,4,"I'm very happy with this product, it's excellent and exceeds my expectations. The quality is top-notch and the features are amazing. The only thing I would change is the price, it's a bit steep. However, it's worth it for the quality and performance.",2025-12-08 11:45:25.134995
351,meta-llama/Meta-Llama-3.1-8B-Instruct-Turbo,4,"This product is great, it's perfect for what I need. The build quality is excellent and the features are amazing. The only thing I would change is the color, it's a bit too bright for my taste. Overall, it's a great product and I would recommend it to anyone.",2025-12-08 11:45:25.136507
352,meta-llama/Meta-Llama-3.1-8B-Instruct-Turbo,4,"I'm very satisfied with this product, it's good and does the job. The features are excellent and the quality is top-notch. The only thing I would change is the packaging, it's a bit too big and bulky. However, it's worth it for the quality and performance.",2025-12-08 11:45:25.137848
353,meta-llama/Meta-Llama-3.1-8B-Instruct-Turbo,1,"I ordered this product thinking it would be a great addition to my home office. However, it arrived broken and the customer service team was completely unhelpful. The product is also not as described and is made of very low-quality materials. I would not recommend this product to anyone.",2025-12-08 11:45:29.067251
354,meta-llama/Meta-Llama-3.1-8B-Instruct-Turbo,2,"I was really looking forward to using this product, but unfortunately, it's been a bit of a letdown. The instructions are unclear, and the product doesn't work as well as I had hoped. I've had to contact customer service multiple times, and while they've been friendly, they haven't been able to resolve the issues I'm experiencing. I'd say this product is average at best.",2025-12-08 11:45:29.764005
355,meta-llama/Meta-Llama-3.1-8B-Instruct-Turbo,3,"I've been using this product for a few months now, and while it's been a good experience overall, I do have some mixed feelings. The product is easy to use and the features are great. However, the build quality is a bit flimsy, and the customer service team has been a bit unhelpful at times. I'd say this product is a good choice for those looking for a basic solution, but it's not the best option for those who want a high-end product.",2025-12-08 11:45:29.765429
356,meta-llama/Meta-Llama-3.1-8B-Instruct-Turbo,3,"I've been using this product for a while now, and while it's been a good experience overall, I do have some mixed feelings. The product is easy to use and the features are great. However, the build quality is a bit flimsy, and the customer service team has been a bit unhelpful at times. I'd say this product is a good choice for those looking for a basic solution, but it's not the best option for those who want a high-end product.",2025-12-08 11:45:29.766600
357,meta-llama/Meta-Llama-3.1-8B-Instruct-Turbo,4,"I've been using this product for a few months now, and I'm really happy with it. The product is easy to use and the features are great. I've had to contact customer service a few times, and they've been really helpful and responsive. The only thing that keeps me from giving it 5 stars is that the build quality is a bit flimsy. Overall, I'd say this product is a great choice for those looking for a basic solution.",2025-12-08 11:45:29.767830
358,meta-llama/Meta-Llama-3.1-8B-Instruct-Turbo,4,"I've been using this product for a few weeks now, and I'm really happy with it. The product is easy to use and the features are great. I've had to contact customer service a few times, and they've been really helpful and responsive. The only thing that keeps me from giving it 5 stars is that the build quality is a bit flimsy. Overall, I'd say this product is a great choice for those looking for a basic solution.",2025-12-08 11:45:29.769105
359,meta-llama/Meta-Llama-3.1-8B-Instruct-Turbo,4,"I've been using this product for a few months now, and I'm really happy with it. The product is easy to use and the features are great. I've had to contact customer service a few times, and they've been really helpful and responsive. The only thing that keeps me from giving it 5 stars is that the build quality is a bit flimsy. Overall, I'd say this product is a great choice for those looking for a basic solution.",2025-12-08 11:45:29.770287
360,meta-llama/Meta-Llama-3.1-8B-Instruct-Turbo,5,"I've been using this product for a few months now, and I'm absolutely thrilled with it. The product is easy to use and the features are amazing. I've had to contact customer service a few times, and they've been really helpful and responsive. The build quality is great, and I've had no issues with it. I'd highly recommend this product to anyone looking for a high-end solution.",2025-12-08 11:45:29.771656
361,meta-llama/Meta-Llama-3.1-8B-Instruct-Turbo,2,I was expecting a lot more from this product. The quality is subpar and it doesn't work as well as I thought it would. The seller's response to my concerns was unhelpful and I'm not sure if I would recommend this product.,2025-12-08 11:45:33.179952
362,meta-llama/Meta-Llama-3.1-8B-Instruct-Turbo,3,"I've had mixed feelings about this product. On the one hand, it's easy to use and the design is nice. However, the build quality is not great and it's prone to breaking. I've had to replace it a few times already. Overall, it's an okay product but I wouldn't say it's worth the price.",2025-12-08 11:45:33.599431
363,meta-llama/Meta-Llama-3.1-8B-Instruct-Turbo,3,"I was excited to try this product, but unfortunately, it didn't live up to my expectations. The performance is decent, but the battery life is short and it's not as portable as I thought it would be. On the other hand, the design is sleek and the customer service is helpful. It's an average product, nothing special.",2025-12-08 11:45:33.601036
364,meta-llama/Meta-Llama-3.1-8B-Instruct-Turbo,4,"I was a bit skeptical about this product at first, but it's actually really good. The quality is great and it performs well. The only thing I would say is that the seller could improve their packaging. It arrived a bit damaged, but that's not a huge issue. Overall, I'm happy with this product and would recommend it to others.",2025-12-08 11:45:33.602307
365,meta-llama/Meta-Llama-3.1-8B-Instruct-Turbo,4,"I was a bit hesitant to buy this product, but it's actually really good. The quality is great and it performs well. The seller's customer service is helpful and the packaging is good. Overall, I'm happy with this product and would recommend it to others.",2025-12-08 11:45:33.603327
366,meta-llama/Meta-Llama-3.1-8B-Instruct-Turbo,5,I'm absolutely loving this product! The quality is amazing and it performs way better than I expected. The seller's customer service is also top-notch. They responded quickly and were very helpful. I would highly recommend this product to anyone looking for a great item.,2025-12-08 11:45:33.604357
367,meta-llama/Meta-Llama-3.1-8B-Instruct-Turbo,1,"Disappointing experience with this product. The build quality is subpar and the materials feel cheap. I was expecting a lot more for the price. The customer service is also unresponsive, which is a major letdown. I would not recommend this product to anyone.",2025-12-08 11:45:39.618095
368,meta-llama/Meta-Llama-3.1-8B-Instruct-Turbo,2,"This product has some nice features, but it's not worth the hype. The design is not as sleek as I thought it would be, and the performance is average at best. The battery life is also a major concern. I've had to charge it multiple times a day, which is annoying. I'm not impressed with this product and would not recommend it.",2025-12-08 11:45:40.095843
369,meta-llama/Meta-Llama-3.1-8B-Instruct-Turbo,3,"I've had this product for a few weeks now, and it's been a mixed bag. The features are nice, but the build quality is not as good as I expected. The materials feel cheap, and the design is not as sleek as I thought it would be. However, the performance is decent, and the battery life is acceptable. Overall, it's an okay product, but I wouldn't go out of my way to recommend it.",2025-12-08 11:45:40.097394
370,meta-llama/Meta-Llama-3.1-8B-Instruct-Turbo,3,"I've had this product for a while now, and it's been a mixed bag. The features are nice, but the build quality is not as good as I expected. The materials feel cheap, and the design is not as sleek as I thought it would be. However, the performance is decent, and the battery life is acceptable. Overall, it's an okay product, but I wouldn't go out of my way to recommend it.",2025-12-08 11:45:40.098765
371,meta-llama/Meta-Llama-3.1-8B-Instruct-Turbo,4,"I've been using this product for a while now, and it's been a great experience. The design is nice, and the build quality is good. The performance is decent, and the battery life is acceptable. The features are also nice, and the price is reasonable. I would definitely recommend this product to anyone looking for a good value.",2025-12-08 11:45:40.099869
372,meta-llama/Meta-Llama-3.1-8B-Instruct-Turbo,4,"This product is a great value for the price. The design is sleek, and the build quality is excellent. The performance is top-notch, and the battery life is impressive. The features are also nice, and I would definitely recommend this product to anyone looking for a good value.",2025-12-08 11:45:40.101094
373,meta-llama/Meta-Llama-3.1-8B-Instruct-Turbo,5,"I've been using this product for a while now, and it's been a great experience. The design is nice, and the build quality is good. The performance is decent, and the battery life is acceptable. The features are also nice, and the price is reasonable. I would definitely recommend this product to anyone looking for a good value.",2025-12-08 11:45:40.102288
374,meta-llama/Meta-Llama-3.1-8B-Instruct-Turbo,3,"Decent features and easy to use, however it's quite noisy and the battery life is disappointing. I like the interface and the app is user-friendly, but the performance could be better. It's a good product, but not great.",2025-12-08 11:45:43.320324
375,meta-llama/Meta-Llama-3.1-8B-Instruct-Turbo,3,"It's okay. Does the job but nothing impressive. Some aspects are good, others could be better. The price is reasonable, but the quality could be improved. Overall, it's a decent product that gets the job done.",2025-12-08 11:45:43.618674
376,meta-llama/Meta-Llama-3.1-8B-Instruct-Turbo,4,"Good product, just wish it had a few more options. I like the design and the features are good, but the options could be better. Highly recommend!",2025-12-08 11:45:43.620220
377,meta-llama/Meta-Llama-3.1-8B-Instruct-Turbo,5,"Exceeded my expectations! I was a bit skeptical at first, but this product has been a game-changer. The quality is excellent, and the features are amazing. Highly recommend!",2025-12-08 11:45:43.621501
378,meta-llama/Meta-Llama-3.1-8B-Instruct-Turbo,1,I had a delivery scheduled for today. Their site said I was 6th in line so I waited for the delivery before running my errands. A little while later I got an email that they attempted to deliver the item. No one knocked on my door and when I checked my security camera no one came to the door.Their lying delivery drivers are ruining their reputation.,2025-12-08 11:45:47.396509
379,meta-llama/Meta-Llama-3.1-8B-Instruct-Turbo,2,Amazon started out very great and I mean great however now when you do not receive your items on time you do not get accommodated as you should anymore. Sorry won’t quite solve any issues and I do understand that uncontrollable situations occur but you are always suppose to have a solution. Customer service will hang up on you instead of trying to find a solution. That is number one bad business. When you receive emails from the support team after the call drops. I feel as though it should show more than just a first name even if it’s just the employee ID # or something. To report whom they spoke with.,2025-12-08 11:45:47.810637
380,meta-llama/Meta-Llama-3.1-8B-Instruct-Turbo,3,Fairly decent service. My goods arrived some hours late but all were in excellent shape which was impressive.,2025-12-08 11:45:47.812148
381,meta-llama/Meta-Llama-3.1-8B-Instruct-Turbo,3,"It's okay. Does the job but nothing impressive. Some aspects are good, others could be better.",2025-12-08 11:45:47.813331
382,meta-llama/Meta-Llama-3.1-8B-Instruct-Turbo,4,"Amazon.com is great for researching products, and selections of products. I really like checking other customers reviews about quality, and fitting by brands, and items. So you know if you need to order a bigger size, or smaller size. The customers service Representatives are always a big help, with refunds, getting damaged packages, missing orders help. The delivery people are sometimes, great, and sometimes bad. Mostly great, a few bad.",2025-12-08 11:45:47.814462
383,meta-llama/Meta-Llama-3.1-8B-Instruct-Turbo,4,"Works well, but the packaging could be improved. Happy with the product overall.",2025-12-08 11:45:47.815928
384,meta-llama/Meta-Llama-3.1-8B-Instruct-Turbo,5,It's always a pleasure to buy from Amazon since they have a great variety of stuff. I like the shipping that is ultra-fast.,2025-12-08 11:45:47.817469
385,meta-llama/Meta-Llama-3.1-8B-Instruct-Turbo,1,Disappointed with the product. The item I received was not what I ordered. The description was misleading and the quality was poor. I would not recommend this product to anyone.,2025-12-08 11:45:53.342858
386,meta-llama/Meta-Llama-3.1-8B-Instruct-Turbo,2,Received the product but it's not as described. The material is cheap and the construction is flimsy. It's not worth the money I paid for it.,2025-12-08 11:45:53.833099
387,meta-llama/Meta-Llama-3.1-8B-Instruct-Turbo,3,"I've had mixed feelings about this product. On the one hand, it's a decent addition to my home office setup. However, the stand could be more sturdy and the cord management could be improved. Overall, it's an average product that gets the job done.",2025-12-08 11:45:53.834673
388,meta-llama/Meta-Llama-3.1-8B-Instruct-Turbo,4,I'm very satisfied with the product. It's exactly as described and the quality is great. The only thing I would suggest is to include a carrying case or a bag to make it easier to transport. That's my only minor complaint.,2025-12-08 11:45:53.836018
389,meta-llama/Meta-Llama-3.1-8B-Instruct-Turbo,4,"I've been using this product for a few weeks now and I'm really impressed. The performance is great and the design is sleek. My only complaint is that the buttons could be more responsive, but that's a minor issue. Overall, I would highly recommend this product.",2025-12-08 11:45:53.837224
390,meta-llama/Meta-Llama-3.1-8B-Instruct-Turbo,3,"I've had this product for a while now and it's been okay. The build quality is decent and the features are good. However, the customer support could be improved. I had to contact them a few times and it took a while to get a response. Overall, it's an average product that could be better.",2025-12-08 11:45:53.838326
391,meta-llama/Meta-Llama-3.1-8B-Instruct-Turbo,4,I'm really happy with this product. It's exactly as described and the quality is great. The only thing I would suggest is to include a user manual or instructions on how to set it up. That's my only minor complaint.,2025-12-08 11:45:53.839467
392,meta-llama/Meta-Llama-3.1-8B-Instruct-Turbo,3,"I've had mixed feelings about this product. On the one hand, it's a great addition to my workout routine. However, the material could be more durable and the straps could be more adjustable. Overall, it's an average product that gets the job done.",2025-12-08 11:45:53.840962
393,meta-llama/Meta-Llama-3.1-8B-Instruct-Turbo,4,I'm very satisfied with the product. It's exactly as described and the quality is great. The only thing I would suggest is to include a warranty or a guarantee. That's my only minor complaint.,2025-12-08 11:45:53.842253
394,meta-llama/Meta-Llama-3.1-8B-Instruct-Turbo,2,"I was expecting a lot more from this product. It's not as described, and the materials used are not what I thought they would be. The build quality is also not great. I would not buy this again.",2025-12-08 11:45:58.983442
395,meta-llama/Meta-Llama-3.1-8B-Instruct-Turbo,3,"I've been using this product for a while now, and it's been working fine. However, the customer service has been a bit of a letdown. The response time is slow, and the solutions they offer are not always helpful. It's not a bad product, but the service could be improved.",2025-12-08 11:45:59.268940
396,meta-llama/Meta-Llama-3.1-8B-Instruct-Turbo,4,"I'm really happy with this product. It's been working great, and the features are exactly what I needed. The only thing I would suggest is that they improve the battery life a bit. It's not a huge issue, but it would be nice to have a bit more juice.",2025-12-08 11:45:59.270761
397,meta-llama/Meta-Llama-3.1-8B-Instruct-Turbo,4,"I was a bit hesitant to buy this product at first, but it's actually been a great purchase. The quality is good, and the features are nice. The only thing that's a bit of a letdown is the price. It's a bit steep, but I think it's worth it.",2025-12-08 11:45:59.272182
398,meta-llama/Meta-Llama-3.1-8B-Instruct-Turbo,1,"I recently purchased the AmazonBasics 65"" 4K Smart TV and I am extremely disappointed. The picture quality is subpar and the smart features are glitchy. The TV is also quite heavy and difficult to mount on the wall. The worst part is the customer service, they were unhelpful and unresponsive. I would not recommend this TV to anyone.",2025-12-08 11:46:06.220471
399,meta-llama/Meta-Llama-3.1-8B-Instruct-Turbo,2,"I ordered the Echo Dot (4th Generation) and it's been a mixed bag. The sound quality is decent, but the voice assistant is not very accurate and often struggles to understand my requests. The device is also quite small and feels cheaply made. I've had to reset it multiple times due to connectivity issues. Overall, it's not worth the price.",2025-12-08 11:46:06.787525
400,meta-llama/Meta-Llama-3.1-8B-Instruct-Turbo,3,"I purchased the Amazon Echo Show 5 and it's been a decent addition to my smart home setup. The display is nice and the camera is good quality. However, the device can be quite slow to respond to voice commands and the skills integration is limited. I also wish it had more storage capacity. Overall, it's an okay device, but I wouldn't say it's a must-have.",2025-12-08 11:46:06.789078
401,meta-llama/Meta-Llama-3.1-8B-Instruct-Turbo,3,"I bought the Amazon Fire TV Stick and it's been a decent streaming device. The interface is user-friendly and the selection of apps is good. However, the device can be quite slow to load content and the remote control is not very responsive. I also wish it had more storage capacity. Overall, it's an okay device, but I wouldn't say it's a must-have.",2025-12-08 11:46:06.790303
402,meta-llama/Meta-Llama-3.1-8B-Instruct-Turbo,3,"I purchased the AmazonBasics Wireless Keyboard and it's been a decent addition to my smart home setup. The keyboard is nice and the wireless connection is stable. However, the device can be quite sensitive to touch and the battery life is not very long. I also wish it had more features. Overall, it's an okay device, but I wouldn't say it's a must-have.",2025-12-08 11:46:06.791709
403,meta-llama/Meta-Llama-3.1-8B-Instruct-Turbo,4,"I bought the Amazon Echo Buds and they're a great pair of wireless earbuds. The sound quality is excellent and the battery life is long. The earbuds are also very comfortable to wear and the charging case is compact. My only complaint is that the voice assistant can be a bit slow to respond to requests. Overall, I'm very happy with this purchase.",2025-12-08 11:46:06.792954
404,meta-llama/Meta-Llama-3.1-8B-Instruct-Turbo,4,"I purchased the AmazonBasics 2-Pack Reusable Storage Containers and they're a great addition to my kitchen. The containers are nice and the lids are secure. The containers are also very durable and easy to clean. My only complaint is that the size is a bit smaller than I expected. Overall, I'm very happy with this purchase.",2025-12-08 11:46:06.794000
405,meta-llama/Meta-Llama-3.1-8B-Instruct-Turbo,4,"I bought the Amazon Fire HD 8 Tablet and it's a great device for streaming content. The display is nice and the performance is smooth. The tablet is also very portable and the battery life is long. My only complaint is that the storage capacity is a bit limited. Overall, I'm very happy with this purchase.",2025-12-08 11:46:06.794940
406,meta-llama/Meta-Llama-3.1-8B-Instruct-Turbo,5,I purchased the Amazon Echo (4th Generation) and it's been a game-changer for my smart home setup. The device is sleek and the sound quality is excellent. The voice assistant is also very accurate and responsive. I've been able to control all of my smart devices with ease and the device has been a huge time-saver. I'm very happy with this purchase and would highly recommend it to anyone.,2025-12-08 11:46:06.795939
407,meta-llama/Meta-Llama-3.1-8B-Instruct-Turbo,1,"I bought this product thinking it would be great for my software development projects, but it turned out to be a complete waste of money. The quality is terrible, and it broke after one use. Would not recommend to anyone.",2025-12-08 11:46:13.214338
408,meta-llama/Meta-Llama-3.1-8B-Instruct-Turbo,3,"I ordered this product thinking it would be great for my daily use, but it's been a mixed bag. The design is nice, but the performance is not as good as I expected. It's not terrible, but it's not impressive either. Some features are great, others not so much. It's a decent product, but nothing special.",2025-12-08 11:46:13.638287
409,meta-llama/Meta-Llama-3.1-8B-Instruct-Turbo,3,"I've been using this product for a while now, and it's been a decent experience. The price is good, but the quality could be better. It works fine for basic use, but lacks some features that I would have liked. Overall, it's an average product that gets the job done.",2025-12-08 11:46:13.639529
410,meta-llama/Meta-Llama-3.1-8B-Instruct-Turbo,4,"I'm really happy with this product. It's been a game-changer for my software development projects. The features are great, and the performance is excellent. My only suggestion would be to add more storage capacity. Highly recommend!",2025-12-08 11:46:13.641024
411,meta-llama/Meta-Llama-3.1-8B-Instruct-Turbo,4,"I bought this product thinking it would be a good addition to my daily routine, and I was right. It's been a great experience so far. The features are nice, and the design is sleek. My only complaint is that it's a bit pricey. Would recommend to anyone looking for a good product.",2025-12-08 11:46:13.642301
412,meta-llama/Meta-Llama-3.1-8B-Instruct-Turbo,5,"I'm absolutely thrilled with this product. It's been a lifesaver for my software development projects. The features are amazing, and the performance is incredible. I would highly recommend it to anyone looking for a great product. It's exceeded my expectations in every way!",2025-12-08 11:46:13.643848
413,meta-llama/Meta-Llama-3.1-8B-Instruct-Turbo,1,"Worst experience ever. Ordered a new Echo Dot and got a refurbished one instead. The packaging was torn and the device was not in the condition I was expecting. I've been an Amazon Prime member for years, but this has been a huge letdown. Will not be ordering from Amazon again.",2025-12-08 11:46:20.424819
414,meta-llama/Meta-Llama-3.1-8B-Instruct-Turbo,2,"I've had mixed experiences with Amazon's customer service. Sometimes they're helpful, but other times they seem uninterested in resolving the issue. I ordered a new laptop and it arrived damaged. After multiple calls and emails, they finally agreed to replace it. However, the replacement laptop had a different model number than what I ordered. Not impressed.",2025-12-08 11:46:21.072794
415,meta-llama/Meta-Llama-3.1-8B-Instruct-Turbo,3,"I've been using Amazon Fresh for a few months now, and it's been decent. The selection of products is good, but the delivery times can be a bit unpredictable. Sometimes it takes a few hours for my order to arrive, while other times it takes a whole day. The quality of the products is generally good, but I've had some issues with the freshness of the produce. Overall, it's a good service, but not perfect.",2025-12-08 11:46:21.074194
416,meta-llama/Meta-Llama-3.1-8B-Instruct-Turbo,3,"I've been using Amazon Prime for a while now, and it's been a mixed experience. The shipping times are generally good, but sometimes it takes a bit longer than expected. The selection of products is vast, but the prices can be a bit steep at times. I've had some issues with the customer service, but overall it's a good service. I would recommend it to others, but with some caveats.",2025-12-08 11:46:21.075385
417,meta-llama/Meta-Llama-3.1-8B-Instruct-Turbo,3,"I've been using Amazon Prime for a few years now, and it's been a good experience overall. The shipping times are generally fast, and the selection of products is vast. However, I've had some issues with the quality of the products, and the customer service can be a bit unhelpful at times. Overall, it's a good service, but not perfect.",2025-12-08 11:46:21.076588
418,meta-llama/Meta-Llama-3.1-8B-Instruct-Turbo,4,"I've been using Amazon Prime for a while now, and it's been a great experience. The shipping times are fast, and the selection of products is vast. I've had some issues with the quality of the products, but the customer service has been helpful in resolving the issues. Overall, it's a good service, and I would recommend it to others.",2025-12-08 11:46:21.077580
419,meta-llama/Meta-Llama-3.1-8B-Instruct-Turbo,4,"I've been using Amazon Prime for a few months now, and it's been a good experience. The shipping times are generally fast, and the selection of products is good. I've had some issues with the customer service, but overall it's a good service. I would recommend it to others, but with some caveats.",2025-12-08 11:46:21.078531
420,meta-llama/Meta-Llama-3.1-8B-Instruct-Turbo,4,"I've been using Amazon Prime for a while now, and it's been a great experience. The shipping times are fast, and the selection of products is vast. I've had some issues with the quality of the products, but the customer service has been helpful in resolving the issues. Overall, it's a good service, and I would recommend it to others.",2025-12-08 11:46:21.079556
421,meta-llama/Meta-Llama-3.1-8B-Instruct-Turbo,5,"I've been using Amazon Prime for a while now, and it's been a fantastic experience. The shipping times are always fast, and the selection of products is vast. I've never had any issues with the quality of the products, and the customer service has been helpful in resolving any issues I've had. Overall, it's a great service, and I would highly recommend it to others.",2025-12-08 11:46:21.080888
422,meta-llama/Meta-Llama-3.1-8B-Instruct-Turbo,5,"I've been using Amazon Prime for a few years now, and it's been a great experience. The shipping times are fast, and the selection of products is vast. I've had some issues with the quality of the products, but the customer service has been helpful in resolving the issues. Overall, it's a good service, and I would recommend it to others.",2025-12-08 11:46:21.082053
423,meta-llama/Meta-Llama-3.1-8B-Instruct-Turbo,1,Complete waste of money. Bought this for my kid's birthday and it broke after one use. The quality is terrible. Would not recommend to anyone.,2025-12-08 11:46:27.360771
424,meta-llama/Meta-Llama-3.1-8B-Instruct-Turbo,2,Not impressed. The product doesn't work as described. The build quality is poor and it's already showing signs of wear. Not worth the money.,2025-12-08 11:46:27.983253
425,meta-llama/Meta-Llama-3.1-8B-Instruct-Turbo,3,"It's okay but the customer service is terrible. Had to contact them multiple times to resolve an issue and they kept giving me the runaround. On the other hand, the product itself is decent and works as intended. I'd say it's worth the price, but only if you're willing to deal with the hassle of customer service.",2025-12-08 11:46:27.984606
426,meta-llama/Meta-Llama-3.1-8B-Instruct-Turbo,3,"Decent product, but the battery life is a major issue. It lasts for like 2 hours and then you have to recharge it. That's not what I expected for a product of this price. However, the design is nice and it's easy to use. It's an average product, nothing special.",2025-12-08 11:46:27.985760
427,meta-llama/Meta-Llama-3.1-8B-Instruct-Turbo,4,"Very happy with this purchase. The product is exactly what I needed and it works flawlessly. The only reason I didn't give it 5 stars is because the packaging could be better. It was a bit damaged during shipping, but that's not the product's fault.",2025-12-08 11:46:27.986975
428,meta-llama/Meta-Llama-3.1-8B-Instruct-Turbo,4,"Great product, just wish it had a few more features. It's a solid purchase and I'm happy with it. The only thing that keeps me from giving it 5 stars is the lack of customization options. Still, it's a good buy and I'd recommend it to anyone looking for a reliable product.",2025-12-08 11:46:27.988210
429,meta-llama/Meta-Llama-3.1-8B-Instruct-Turbo,4,"Satisfied with this purchase. The product is easy to use and it works as intended. I'm happy with the quality and the price. My only suggestion would be to add more color options, but that's a minor issue.",2025-12-08 11:46:27.989366
430,meta-llama/Meta-Llama-3.1-8B-Instruct-Turbo,5,"Absolutely perfect! I was a bit skeptical at first, but this product exceeded my expectations in every way. The quality is top-notch, the design is sleek, and it's incredibly easy to use. I'd highly recommend this product to anyone looking for a reliable and efficient solution.",2025-12-08 11:46:27.990586
431,meta-llama/Meta-Llama-3.1-8B-Instruct-Turbo,5,Love it! This product is a game-changer. It's so easy to use and it gets the job done quickly and efficiently. I've already recommended it to all my friends and family. Amazon really outdid themselves with this one. Highly recommend!,2025-12-08 11:46:27.991621
432,meta-llama/Meta-Llama-3.1-8B-Instruct-Turbo,2,"I was expecting a lot more from this product, but it's been a letdown. The features are not as described, and the build quality is flimsy. Not worth the money in my opinion.",2025-12-08 11:46:31.965661
433,meta-llama/Meta-Llama-3.1-8B-Instruct-Turbo,3,"I've had mixed experiences with this product. On the one hand, it's easy to use and has some great features. However, the battery life is quite short, and the charging cable is a bit flimsy. Overall, it's an average product that could be better.",2025-12-08 11:46:32.409077
434,meta-llama/Meta-Llama-3.1-8B-Instruct-Turbo,3,"This product is decent, but it's not without its flaws. The design is nice, but the material feels cheap. It's also a bit noisy, which can be annoying. On the other hand, it's easy to set up and has some great features. Overall, it's a good product, but it could be better.",2025-12-08 11:46:32.410488
435,meta-llama/Meta-Llama-3.1-8B-Instruct-Turbo,3,"I've been using this product for a while now, and it's been a mixed bag. The performance is good, but the build quality is not great. It's also a bit heavy, which can be a pain to carry around. However, it's a good product for the price, and I would recommend it to others.",2025-12-08 11:46:32.411716
436,meta-llama/Meta-Llama-3.1-8B-Instruct-Turbo,4,"I was a bit skeptical about this product at first, but it's really grown on me. The design is nice, and the features are great. The only thing I would change is the battery life - it could be a bit longer. But overall, it's a great product that I would recommend to others.",2025-12-08 11:46:32.412995
437,meta-llama/Meta-Llama-3.1-8B-Instruct-Turbo,5,"I'm absolutely loving this product. The features are amazing, and the build quality is top-notch. The price is a bit steep, but it's worth it. I would highly recommend this product to anyone looking for a great experience.",2025-12-08 11:46:32.414289
438,meta-llama/Meta-Llama-3.1-8B-Instruct-Turbo,1,"I bought this product in hopes that it would solve some issues with my computer, but after reading many reviews, I realized that this product is just a waste of money. The instructions are not clear, and the installation process is very difficult. The product doesn't work as expected, and I'm extremely disappointed. I would not recommend this product to anyone.",2025-12-08 11:46:38.192566
439,meta-llama/Meta-Llama-3.1-8B-Instruct-Turbo,2,"I was really looking forward to using this product, but unfortunately, it's been a bit of a letdown. The quality is not as good as I expected, and the performance is not what I was hoping for. It's not terrible, but it's not worth the price either. Maybe it's just a fluke, but I'm not impressed.",2025-12-08 11:46:38.873505
440,meta-llama/Meta-Llama-3.1-8B-Instruct-Turbo,3,"I've had mixed feelings about this product. On the one hand, it's nice to have a wireless charging pad that can charge multiple devices at once. On the other hand, the charging speed is not as fast as I would have liked, and the design is a bit awkward. It's not a bad product, but it's not great either. Maybe I'm just being too picky, but I think it could be improved.",2025-12-08 11:46:38.875049
441,meta-llama/Meta-Llama-3.1-8B-Instruct-Turbo,3,"I was initially excited about this product, but after using it for a while, I've started to feel a bit meh about it. The design is nice, and the build quality is good, but the performance is just okay. It's not bad, but it's not great either. Maybe I was expecting too much, but I think it's just an average product.",2025-12-08 11:46:38.876501
442,meta-llama/Meta-Llama-3.1-8B-Instruct-Turbo,3,"I've been using this product for a while now, and I have to say that it's been a bit of a mixed bag. On the one hand, it's nice to have a portable power bank that can charge my devices on the go. On the other hand, the battery life is not as long as I would have liked, and the charging speed is a bit slow. It's not a bad product, but it's not great either. Maybe I'm just being too picky, but I think it could be improved.",2025-12-08 11:46:38.877941
443,meta-llama/Meta-Llama-3.1-8B-Instruct-Turbo,4,"I was a bit skeptical about this product at first, but after using it for a while, I have to say that I'm really impressed. The design is nice, and the build quality is good. The performance is great, and the charging speed is fast. I would definitely recommend this product to anyone looking for a good wireless charging pad.",2025-12-08 11:46:38.879129
444,meta-llama/Meta-Llama-3.1-8B-Instruct-Turbo,4,"I've been using this product for a while now, and I have to say that it's been a great addition to my home office. The design is nice, and the build quality is good. The performance is great, and the charging speed is fast. I would definitely recommend this product to anyone looking for a good portable power bank.",2025-12-08 11:46:38.880288
445,meta-llama/Meta-Llama-3.1-8B-Instruct-Turbo,4,"I was a bit hesitant to buy this product at first, but after reading the reviews and watching the videos, I decided to give it a try. I'm so glad I did! The product is easy to use, and the instructions are clear. The performance is great, and the charging speed is fast. I would definitely recommend this product to anyone looking for a good wireless charging pad.",2025-12-08 11:46:38.881444
446,meta-llama/Meta-Llama-3.1-8B-Instruct-Turbo,5,"I'm absolutely loving this product! The design is sleek and modern, and the build quality is top-notch. The performance is amazing, and the charging speed is incredibly fast. I would definitely recommend this product to anyone looking for a great wireless charging pad.",2025-12-08 11:46:38.882603
447,meta-llama/Meta-Llama-3.1-8B-Instruct-Turbo,2,"I was really looking forward to using this product, but unfortunately, it's been a bit of a letdown. The quality is not as good as I expected, and the performance is not what I was hoping for. It's not terrible, but it's not worth the price either. Maybe it's just a fluke, but I'm not impressed.",2025-12-08 11:46:38.883595
448,meta-llama/Meta-Llama-3.1-8B-Instruct-Turbo,2,Disappointing experience with this product. It doesn't work as described and the build quality is poor. Not worth the money.,2025-12-08 11:46:43.088199
449,meta-llama/Meta-Llama-3.1-8B-Instruct-Turbo,4,"Good product, but the packaging could be improved. It arrived quickly and works well, but the box was damaged during shipping. Highly recommend for the price.",2025-12-08 11:46:43.492252
450,meta-llama/Meta-Llama-3.1-8B-Instruct-Turbo,4,"I'm very satisfied with this product. It's easy to use and has some great features. My only suggestion is to add a bit more storage space. It's a bit pricey, but it's worth it.",2025-12-08 11:46:43.493675
451,meta-llama/Meta-Llama-3.1-8B-Instruct-Turbo,3,"The product works fine, but it's not as durable as I thought it would be. It's okay for the price, but I was expecting more. Some features are great, others not so much.",2025-12-08 11:46:43.494920
452,meta-llama/Meta-Llama-3.1-8B-Instruct-Turbo,4,"Great product, just wish it had a bit more power. It's easy to use and has some great features. Highly recommend for the price.",2025-12-08 11:46:43.496220
453,meta-llama/Meta-Llama-3.1-8B-Instruct-Turbo,5,Absolutely perfect! I've been using this product for a while now and it's exceeded my expectations. Highly recommend for anyone looking for a great product.,2025-12-08 11:46:43.497464
454,meta-llama/Meta-Llama-3.1-8B-Instruct-Turbo,4,"Good product, but the battery life could be better. It's easy to use and has some great features. Highly recommend for the price.",2025-12-08 11:46:43.498609
455,meta-llama/Meta-Llama-3.1-8B-Instruct-Turbo,1,Terrible product. Complete waste of money. Broke after one use. The material is cheap and flimsy. I would not recommend this to anyone. 1/10 would not buy again.,2025-12-08 11:46:47.105102
456,meta-llama/Meta-Llama-3.1-8B-Instruct-Turbo,2,Not as described. The product arrived with a scratch and the color is not as shown in the picture. The quality is poor and it's not worth the price. I would not buy from this seller again.,2025-12-08 11:46:47.383460
457,meta-llama/Meta-Llama-3.1-8B-Instruct-Turbo,4,Good price and good quality. The product works well and the features are great. I would recommend it to someone who needs a good product.,2025-12-08 11:46:47.384903
458,meta-llama/Meta-Llama-3.1-8B-Instruct-Turbo,5,Absolutely perfect! The product arrived quickly and the quality is great. I would highly recommend it to anyone who needs a good product.,2025-12-08 11:46:47.386028
459,meta-llama/Meta-Llama-3.1-8B-Instruct-Turbo,1,"Complete waste of money, the Echo Show 10 is a piece of junk, the display is slow and unresponsive, the camera is a joke, and the voice assistant is not as smart as I thought it would be. Do not recommend this product at all.",2025-12-08 11:46:49.188539
460,meta-llama/Meta-Llama-3.1-8B-Instruct-Turbo,2,"I was really looking forward to the Fire TV Cube, but it's been a disappointment. The voice control is finicky, the interface is slow, and the content selection is not as good as I expected. Not worth the money in my opinion.",2025-12-08 11:46:49.416331
461,meta-llama/Meta-Llama-3.1-8B-Instruct-Turbo,3,"I bought the AmazonBasics 2-Pack Rechargeable AA Batteries, and they're okay, I guess. They work for basic use, but the packaging is a bit cheap, and I wish they had a better battery life. It's decent for the price, though.",2025-12-08 11:46:49.417715
462,meta-llama/Meta-Llama-3.1-8B-Instruct-Turbo,4,I'm really happy with the AmazonBasics 50,2025-12-08 11:46:49.419096
463,meta-llama/Meta-Llama-3.1-8B-Instruct-Turbo,1,"I’m extremely disappointed with the AmazonBasics 24-Pack AA Batteries. I bought them for my kid’s toys, but they’ve been leaking acid everywhere. The packaging said “durable” and “safe,” but that’s clearly not true. Complete waste of money. Would not recommend to anyone.",2025-12-08 11:46:55.512113
464,meta-llama/Meta-Llama-3.1-8B-Instruct-Turbo,2,"I bought the Echo Dot (3rd Generation) for my living room, but it’s been causing more problems than it’s solving. The voice assistant keeps misunderstanding my commands, and the sound quality is terrible. Not good for the price I paid. Definitely not worth it.",2025-12-08 11:46:56.100098
465,meta-llama/Meta-Llama-3.1-8B-Instruct-Turbo,3,"I got the AmazonBasics 2-Piece Hardside Spinner Luggage Set for a trip, and it was okay. The luggage is sturdy, but the wheels are a bit flimsy. It works fine for basic use, but I expected more durability. Good price, though. Maybe I’ll upgrade to a better brand next time.",2025-12-08 11:46:56.101361
466,meta-llama/Meta-Llama-3.1-8B-Instruct-Turbo,4,"I’m really happy with the Fire TV Stick with Alexa Voice Remote. It’s easy to use, and the picture quality is great. My only complaint is that the remote sometimes doesn’t respond to voice commands. Very good product, but I wish it had better voice recognition.",2025-12-08 11:46:56.102514
467,meta-llama/Meta-Llama-3.1-8B-Instruct-Turbo,3,"I purchased the AmazonBasics 10-Pack AA Batteries for my kid’s toys, but they’ve been causing more problems than they’re solving. The batteries keep running out of power too quickly, and the packaging is not as eco-friendly as I thought. It’s decent for the price, but I’d rather spend a bit more for a better brand.",2025-12-08 11:46:56.103674
468,meta-llama/Meta-Llama-3.1-8B-Instruct-Turbo,4,"I’m really satisfied with the AmazonBasics 4-Piece Bedding Set. The sheets are soft, and the comforter is warm and cozy. My only complaint is that the pillowcases are a bit too small. Great value for the price, though. Highly recommend.",2025-12-08 11:46:56.104761
469,meta-llama/Meta-Llama-3.1-8B-Instruct-Turbo,3,"I bought the AmazonBasics 2-Piece Hardside Spinner Luggage Set for a trip, and it was okay. The luggage is sturdy, but the handles are a bit flimsy. It works fine for basic use, but I expected more durability. Good price, though. Maybe I’ll upgrade to a better brand next time.",2025-12-08 11:46:56.105808
470,meta-llama/Meta-Llama-3.1-8B-Instruct-Turbo,4,"I’m really happy with the Fire HD 8 Tablet with Alexa. It’s easy to use, and the picture quality is great. My only complaint is that the battery life could be better. Very good product, but I wish it had longer battery life.",2025-12-08 11:46:56.106805
471,meta-llama/Meta-Llama-3.1-8B-Instruct-Turbo,3,"I got the AmazonBasics 10-Pack AA Batteries for my kid’s toys, but they’ve been causing more problems than they’re solving. The batteries keep running out of power too quickly, and the packaging is not as eco-friendly as I thought. It’s decent for the price, but I” rather spend a bit more for a better brand.",2025-12-08 11:46:56.107761
472,meta-llama/Meta-Llama-3.1-8B-Instruct-Turbo,5,"I’m absolutely thrilled with the AmazonBasics 24-Pack AA Batteries. I bought them for my kid’s toys, and they’ve been working flawlessly. The packaging is durable, and the batteries are long-lasting. Best purchase ever! I’d highly recommend them to anyone.",2025-12-08 11:46:56.108722
473,meta-llama/Meta-Llama-3.1-8B-Instruct-Turbo,1,"I'm extremely disappointed with this product. The camera is low quality, the battery life is terrible, and the app is clunky. I wouldn't recommend this to my worst enemy. 1/10 would not buy again.",2025-12-08 11:47:00.268260
474,meta-llama/Meta-Llama-3.1-8B-Instruct-Turbo,2,"I was really looking forward to this product, but it's just not living up to the hype. The features are cool, but the execution is lacking. The UI is slow and the performance is subpar. Maybe with some updates it'll get better, but for now it's just a mediocre product.",2025-12-08 11:47:00.707524
475,meta-llama/Meta-Llama-3.1-8B-Instruct-Turbo,3,"I've had this product for a few weeks now, and it's been a mixed bag. The design is sleek and the features are nice, but the build quality is a bit flimsy and the price is a bit steep. It's not bad, but it's not great either. I'd say it's just average.",2025-12-08 11:47:00.708751
476,meta-llama/Meta-Llama-3.1-8B-Instruct-Turbo,3,"I was a bit skeptical about this product at first, but it's actually been a pleasant surprise. The sound quality is great, the design is nice, and the price is reasonable. However, the battery life could be better and the controls can be a bit finicky. Overall, it's a solid product, but not without its flaws.",2025-12-08 11:47:00.709963
477,meta-llama/Meta-Llama-3.1-8B-Instruct-Turbo,3,"This product is okay, but it's not blowing me away. The features are nice, but the implementation is a bit lacking. The UI is clunky and the performance is subpar. Maybe with some updates it'll get better, but for now it's just a decent product.",2025-12-08 11:47:00.711268
478,meta-llama/Meta-Llama-3.1-8B-Instruct-Turbo,4,"I was a bit hesitant to buy this product at first, but it's actually been a great purchase. The features are cool, the design is sleek, and the price is reasonable. The only downside is that the battery life could be better, but overall it's a solid product.",2025-12-08 11:47:00.712494
479,meta-llama/Meta-Llama-3.1-8B-Instruct-Turbo,5,"I'm absolutely loving this product! The features are amazing, the design is sleek, and the price is reasonable. The battery life is great, the app is smooth, and the performance is top-notch. I'd highly recommend this product to anyone looking for a great device.",2025-12-08 11:47:00.713881
480,meta-llama/Meta-Llama-3.1-8B-Instruct-Turbo,1,"I ordered a product from Amazon, but it was damaged and the seller refused to replace it. The customer service was unhelpful and unresponsive. I wasted my time and money on this product. Avoid it at all costs.",2025-12-08 11:47:04.500570
481,meta-llama/Meta-Llama-3.1-8B-Instruct-Turbo,3,"I've had mixed feelings about this product. On the one hand, it's easy to use and the features are decent. On the other hand, the battery life is disappointing and the design feels cheap. It's an average product that gets the job done, but nothing special.",2025-12-08 11:47:04.780962
482,meta-llama/Meta-Llama-3.1-8B-Instruct-Turbo,3,"I was looking for a reliable and affordable product, and this one fits the bill. However, the build quality is not the best and the materials feel cheap. It's a decent product, but I wouldn't recommend it for heavy use.",2025-12-08 11:47:04.782555
483,meta-llama/Meta-Llama-3.1-8B-Instruct-Turbo,1,"Broke after one use. Complete waste of money. The screen was cracked and it wouldn't turn on anymore. I tried to contact the seller, but they just ignored me. Terrible experience. Would not recommend this product to anyone.",2025-12-08 11:47:08.167403
484,meta-llama/Meta-Llama-3.1-8B-Instruct-Turbo,2,"Not as described. The item was supposed to be a 4K TV, but it's just a 1080p. The picture quality is terrible. The seller said it was a mistake and offered a refund, but it took them over a week to process it. Not impressed.",2025-12-08 11:47:08.552427
485,meta-llama/Meta-Llama-3.1-8B-Instruct-Turbo,3,"It's okay, but the build quality feels cheap. Good for the price though. The camera is nice, but the battery life is disappointing. I would recommend this product to someone who's looking for a budget option, but don't expect too much.",2025-12-08 11:47:08.554236
486,meta-llama/Meta-Llama-3.1-8B-Instruct-Turbo,3,"Decent features and easy to use, however it's quite noisy and the battery life is disappointing. I like the design, but the performance could be better. It's an average product, nothing special. I would recommend it to someone who needs a basic smartwatch.",2025-12-08 11:47:08.555655
487,meta-llama/Meta-Llama-3.1-8B-Instruct-Turbo,3,"It works, but I expected more. The features are nice, but the app is slow and crashes often. The build quality is decent, but the price is a bit high. Overall, it's an okay product, but not great.",2025-12-08 11:47:08.556840
488,meta-llama/Meta-Llama-3.1-8B-Instruct-Turbo,4,Perfect for the price. The item is well-made and works as expected. The seller was friendly and helpful. The only reason I didn't give it 5 stars is because the packaging was a bit damaged.,2025-12-08 11:47:08.557998
489,meta-llama/Meta-Llama-3.1-8B-Instruct-Turbo,1,"Terrible experience with Amazon. I ordered a product that was supposed to be delivered within 2 days, but it took 2 weeks to arrive and was completely damaged. The customer service was unhelpful and refused to offer a refund or replacement. Would not recommend Amazon to anyone.",2025-12-08 11:47:16.391587
490,meta-llama/Meta-Llama-3.1-8B-Instruct-Turbo,2,"I've been using Amazon for years and have always been satisfied with their service. However, my latest experience was disappointing. I ordered a product that was listed as 'in stock' but when I went to check out, it said it was out of stock and would take 5-7 business days to arrive. I was not impressed with the lack of communication and the fact that they didn't notify me of the issue until I went to check out. I'll be thinking twice before ordering from Amazon again.",2025-12-08 11:47:17.030841
491,meta-llama/Meta-Llama-3.1-8B-Instruct-Turbo,3,"I've been using Amazon for a while now and I have mixed feelings about the service. On the one hand, I love the convenience of being able to order products online and having them delivered to my doorstep. However, I've had some issues with the quality of the products I've ordered and the customer service has been hit or miss. For example, I ordered a product that was supposed to be a certain size, but when it arrived, it was much smaller than I expected. I contacted customer service and they were unhelpful and refused to offer a refund or replacement. On the other hand, I've also had some great experiences with Amazon, such as receiving a product that was exactly as described and delivered quickly. Overall, I'd say Amazon is an okay service, but it's not perfect and I wouldn't recommend it to everyone.",2025-12-08 11:47:17.032358
492,meta-llama/Meta-Llama-3.1-8B-Instruct-Turbo,3,"I've been using Amazon for a while now and I have mixed feelings about the service. On the one hand, I love the convenience of being able to order products online and having them delivered to my doorstep. However, I've had some issues with the packaging of the products I've ordered, which has resulted in some damage to the items. I've also had some issues with the customer service, which has been unhelpful at times. For example, I ordered a product that was supposed to be a certain size, but when it arrived, it was much smaller than I expected. I contacted customer service and they were unhelpful and refused to offer a refund or replacement. On the other hand, I've also had some great experiences with Amazon, such as receiving a product that was exactly as described and delivered quickly. Overall, I'd say Amazon is an okay service, but it's not perfect and I wouldn't recommend it to everyone.",2025-12-08 11:47:17.033880
493,meta-llama/Meta-Llama-3.1-8B-Instruct-Turbo,3,"I've been using Amazon for a while now and I have mixed feelings about the service. On the one hand, I love the convenience of being able to order products online and having them delivered to my doorstep. However, I've had some issues with the delivery times, which have been inconsistent at times. For example, I ordered a product that was supposed to be delivered within 2-3 business days, but it took 5 business days to arrive. I've also had some issues with the customer service, which has been unhelpful at times. For example, I contacted customer service and they were unhelpful and refused to offer a refund or replacement. On the other hand, I've also had some great experiences with Amazon, such as receiving a product that was exactly as described and delivered quickly. Overall, I'd say Amazon is an okay service, but it's not perfect and I wouldn't recommend it to everyone.",2025-12-08 11:47:17.035167
494,meta-llama/Meta-Llama-3.1-8B-Instruct-Turbo,4,"I've been using Amazon for a while now and I'm generally satisfied with the service. The products I've ordered have been good quality and the delivery times have been reasonable. However, I do have one criticism - the customer service has been a bit unhelpful at times. For example, I contacted customer service and they were unhelpful and refused to offer a refund or replacement. Overall, I'd say Amazon is a good service, but it's not perfect and I wouldn't recommend it to everyone.",2025-12-08 11:47:17.036533
495,meta-llama/Meta-Llama-3.1-8B-Instruct-Turbo,4,"I've been using Amazon for a while now and I'm generally satisfied with the service. The products I've ordered have been good quality and the delivery times have been reasonable. However, I do have one criticism - the prices of some products have been a bit high. For example, I ordered a product that was listed as $50, but when I went to check out, it was $60. I contacted customer service and they were unhelpful and refused to offer a refund or replacement. Overall, I'd say Amazon is a good service, but it's not perfect and I wouldn't recommend it to everyone.",2025-12-08 11:47:17.037918
496,meta-llama/Meta-Llama-3.1-8B-Instruct-Turbo,5,"I've been using Amazon for a while now and I'm extremely satisfied with the service. The products I've ordered have been good quality and the delivery times have been reasonable. The customer service has been helpful and responsive, and I've had no issues with my orders. I'd highly recommend Amazon to anyone looking for a reliable online retailer.",2025-12-08 11:47:17.039135
497,meta-llama/Meta-Llama-3.1-8B-Instruct-Turbo,1,"I ordered a 'Genuine' AmazonBasics Wireless Charging Pad, but what I got was a completely different product. The packaging looked cheap, and the product inside was a low-quality knockoff. The charging pad didn't even work properly, and the design was awkward. I'm extremely disappointed in Amazon's quality control. This is not the first time I've received a counterfeit product from Amazon. I demand a full refund and a proper apology. 1/10, would not recommend.",2025-12-08 11:47:24.374588
498,meta-llama/Meta-Llama-3.1-8B-Instruct-Turbo,2,"I'm extremely dissatisfied with the AmazonBasics 2-Pack Rechargeable AA Batteries. The batteries didn't last long, and the packaging was flimsy. I've been using Energizer for years, and these batteries are no match. The price is also a bit steep considering the quality. I've had better experiences with other brands. 2/10, would not recommend.",2025-12-08 11:47:24.980303
499,meta-llama/Meta-Llama-3.1-8B-Instruct-Turbo,3,"The AmazonBasics Microwave is an average product. It works fine for basic tasks, but the design is a bit dated. The user interface is simple, but it's not as intuitive as I'd like. The price is reasonable, but I've seen better deals elsewhere. It's not a bad product, but it's not great either. 3/10, would recommend with reservations.",2025-12-08 11:47:24.981697
500,meta-llama/Meta-Llama-3.1-8B-Instruct-Turbo,3,"The Anker Soundcore Space Q45 Wireless Headphones are decent, but they have some drawbacks. The sound quality is good, but the noise cancellation is mediocre. The design is sleek, but it's a bit heavy. The price is reasonable, but I've seen better deals elsewhere. Overall, it's an average product that could be improved. 3/10, would recommend with reservations.",2025-12-08 11:47:24.982992
501,meta-llama/Meta-Llama-3.1-8B-Instruct-Turbo,3,"The AmazonBasics 2-Piece Fire TV Edition Smart Plug is an average product. It works fine for basic tasks, but the design is a bit dated. The user interface is simple, but it's not as intuitive as I'd like. The price is reasonable, but I've seen better deals elsewhere. It's not a bad product, but it's not great either. 3/10, would recommend with reservations.",2025-12-08 11:47:24.984343
502,meta-llama/Meta-Llama-3.1-8B-Instruct-Turbo,4,"The Anker PowerCore 20000 Portable Power Bank is a great product. It has a high capacity, and the design is sleek. The price is reasonable, and it's a great value for the money. The only drawback is that it's a bit heavy, but overall, it's an excellent product. 4/10, would highly recommend.",2025-12-08 11:47:24.985600
503,meta-llama/Meta-Llama-3.1-8B-Instruct-Turbo,4,"The AmazonBasics 32GB USB Flash Drive is a great product. It has a high capacity, and the design is sleek. The price is reasonable, and it's a great value for the money. The only drawback is that it's a bit slow, but overall, it's an excellent product. 4/10, would highly recommend.",2025-12-08 11:47:24.986816
504,meta-llama/Meta-Llama-3.1-8B-Instruct-Turbo,4,"The AmazonBasics 10-Foot 3-Pack HDMI Cable is a great product. It's durable, and the price is reasonable. The design is sleek, and it's a great value for the money. The only drawback is that it's a bit long, but overall, it's an excellent product. 4/10, would highly recommend.",2025-12-08 11:47:24.988037
505,meta-llama/Meta-Llama-3.1-8B-Instruct-Turbo,5,"The Anker Nebula Capsule Portable Projector is an amazing product. It has a high-quality image, and the design is sleek. The price is reasonable, and it's a great value for the money. The only drawback is that it's a bit heavy, but overall, it's an excellent product. 5/10, would highly recommend.",2025-12-08 11:47:24.989373
506,meta-llama/Meta-Llama-3.1-8B-Instruct-Turbo,5,"The AmazonBasics 4-Slice Toaster is a great product. It's durable, and the price is reasonable. The design is sleek, and it's a great value for the money. The only drawback is that it's a bit slow, but overall, it's an excellent product. 5/10, would highly recommend.",2025-12-08 11:47:24.990772
507,meta-llama/Meta-Llama-3.1-8B-Instruct-Turbo,1,"Terrible experience with Amazon. Ordered a product, but it was delivered 2 weeks late. Customer service was unhelpful and didn't even apologize for the delay. Won't be shopping here again.",2025-12-08 11:47:30.135095
508,meta-llama/Meta-Llama-3.1-8B-Instruct-Turbo,2,"I'm really disappointed with the quality of this product. It's not as described, and the materials used are cheap. I've tried to contact customer service, but they haven't responded yet. Not impressed with Amazon's quality control.",2025-12-08 11:47:30.542227
509,meta-llama/Meta-Llama-3.1-8B-Instruct-Turbo,3,"It's okay, I guess. The product works as intended, but the build quality feels cheap. Good for the price though. I've had some issues with the packaging, but that's not a huge deal. Overall, it's an average product.",2025-12-08 11:47:30.543852
510,meta-llama/Meta-Llama-3.1-8B-Instruct-Turbo,3,"Decent features and easy to use, however it's quite noisy and the battery life is disappointing. I've been using it for a week now, and I'm still getting used to it. It's not the worst product I've ever seen, but it's not the best either.",2025-12-08 11:47:30.545198
511,meta-llama/Meta-Llama-3.1-8B-Instruct-Turbo,4,"Great product, just wish it had a better battery life. I've been using it for a few weeks now, and it's been working great. The features are exactly what I needed, and the price was reasonable. Definitely recommend it to others.",2025-12-08 11:47:30.546732
512,meta-llama/Meta-Llama-3.1-8B-Instruct-Turbo,4,"Good product, good price. The features are exactly what I needed, and the quality is great. I've had some issues with the software, but I've managed to work around them. Definitely recommend it to others.",2025-12-08 11:47:30.547855
513,meta-llama/Meta-Llama-3.1-8B-Instruct-Turbo,2,Not as described. The product has some issues that can't be ignored. The build quality is poor and it's not as durable as I expected. I'm disappointed with this purchase.,2025-12-08 11:47:35.018420
514,meta-llama/Meta-Llama-3.1-8B-Instruct-Turbo,3,"The product works as intended, but the build quality feels cheap. Good for the price though, but I expected more. Some aspects are good, others could be better.",2025-12-08 11:47:35.450219
515,meta-llama/Meta-Llama-3.1-8B-Instruct-Turbo,4,"Great product, just wish it had more storage capacity. Very good, small issue with the software. Highly recommend, but be aware of the storage limitations.",2025-12-08 11:47:35.451670
516,meta-llama/Meta-Llama-3.1-8B-Instruct-Turbo,4,"Very happy with this purchase. The product is excellent and does exactly what I need it to do. One minor issue with the packaging, but that's not a big deal.",2025-12-08 11:47:35.453219
517,meta-llama/Meta-Llama-3.1-8B-Instruct-Turbo,4,"I'm satisfied with this product. It's a great value for the price. One minor complaint is that the packaging could be better, but that's not a major issue.",2025-12-08 11:47:35.454399
518,meta-llama/Meta-Llama-3.1-8B-Instruct-Turbo,5,Absolutely perfect! This product exceeded my expectations in every way. The quality is top-notch and it's exactly what I needed. Highly recommend!,2025-12-08 11:47:35.455452
519,meta-llama/Meta-Llama-3.1-8B-Instruct-Turbo,1,Worst purchase ever. This thing broke after one use and the customer support is non-existent. Would not recommend to my worst enemy.,2025-12-08 11:47:35.456538
520,meta-llama/Meta-Llama-3.1-8B-Instruct-Turbo,1,"Bought this thinking it would be good quality, but it's complete garbage. Cheap materials and it fell apart after a week. Complete waste of money.",2025-12-08 11:47:43.320862
521,meta-llama/Meta-Llama-3.1-8B-Instruct-Turbo,1,Worst customer service I've ever experienced. This product is a total scam and I demand a full refund.,2025-12-08 11:47:43.322423
522,meta-llama/Meta-Llama-3.1-8B-Instruct-Turbo,1,I've never been so disappointed in a purchase. This product is a total waste of money and the company should be ashamed of themselves.,2025-12-08 11:47:43.323584
523,meta-llama/Meta-Llama-3.1-8B-Instruct-Turbo,1,This product is a complete joke. It doesn't work and the company doesn't care. Do not buy this product.,2025-12-08 11:47:43.324929
524,meta-llama/Meta-Llama-3.1-8B-Instruct-Turbo,1,I'm so angry at myself for buying this product. It's a total scam and the company should be held accountable.,2025-12-08 11:47:43.325965
525,meta-llama/Meta-Llama-3.1-8B-Instruct-Turbo,1,This product is a disaster. It's a total waste of money and the company should be ashamed of themselves.,2025-12-08 11:47:43.326991
526,meta-llama/Meta-Llama-3.1-8B-Instruct-Turbo,2,"I was really looking forward to using this product, but it's just not what I expected. The build quality is subpar and it's not very durable. Not worth the price.",2025-12-08 11:47:43.328113
527,meta-llama/Meta-Llama-3.1-8B-Instruct-Turbo,2,"I was disappointed in the customer service. They were unhelpful and unresponsive. The product itself is okay, but not great.",2025-12-08 11:47:43.329246
528,meta-llama/Meta-Llama-3.1-8B-Instruct-Turbo,2,"This product is just average. It's not terrible, but it's not great either. The price is a bit steep for what you get.",2025-12-08 11:47:43.330500
529,meta-llama/Meta-Llama-3.1-8B-Instruct-Turbo,2,"I was expecting more from this product. It's just okay, but not impressive. The customer service is also unresponsive.",2025-12-08 11:47:43.331672
530,meta-llama/Meta-Llama-3.1-8B-Instruct-Turbo,2,"I'm not sure what to make of this product. It's got some good features, but it's also got some bad ones. Overall, it's just average.",2025-12-08 11:47:43.333007
531,meta-llama/Meta-Llama-3.1-8B-Instruct-Turbo,2,"I was really looking forward to using this product, but it's just not what I expected. The design is a bit awkward and it's not very user-friendly.",2025-12-08 11:47:43.334192
532,meta-llama/Meta-Llama-3.1-8B-Instruct-Turbo,2,I was disappointed in the build quality. It's not very durable and it's a bit flimsy. Not worth the price.,2025-12-08 11:47:43.335171
533,meta-llama/Meta-Llama-3.1-8B-Instruct-Turbo,2,"I was expecting more from this product. It's just okay, but not impressive. The customer service is also unresponsive.",2025-12-08 11:47:43.336605
534,meta-llama/Meta-Llama-3.1-8B-Instruct-Turbo,1,"This product is a total disaster. It's slow, it's clunky, and it's just plain useless. Save your money and avoid this at all costs.",2025-12-08 11:47:43.337444
535,meta-llama/Meta-Llama-3.1-8B-Instruct-Turbo,3,"It's okay, but it's not great. The features are decent, but the battery life is disappointing. I'd recommend it to someone who needs a basic product, but don't expect too much.",2025-12-08 11:47:48.311683
536,meta-llama/Meta-Llama-3.1-8B-Instruct-Turbo,3,"This product is decent, but it's not perfect. The design is nice, but the performance is lacking. It's good for basic use, but don't expect too much.",2025-12-08 11:47:48.313181
537,meta-llama/Meta-Llama-3.1-8B-Instruct-Turbo,3,"I'm neutral about this product. It's not great, but it's not terrible either. The features are decent, but the battery life is disappointing. Maybe they'll fix the problems in future updates.",2025-12-08 11:47:48.314785
538,meta-llama/Meta-Llama-3.1-8B-Instruct-Turbo,3,"It's an average product, nothing special. The build quality is good, but the customer service is lacking. It's good for basic use, but don't expect too much.",2025-12-08 11:47:48.316178
539,meta-llama/Meta-Llama-3.1-8B-Instruct-Turbo,3,"I've had some issues with this product, but it's not all bad. The design is nice, but the performance is lacking. Maybe they'll fix the problems in future updates.",2025-12-08 11:47:48.317509
540,meta-llama/Meta-Llama-3.1-8B-Instruct-Turbo,3,"It's okay, but the packaging could be better. The product itself is fine, but it's not as compact as I thought it would be. The price is decent, but I expected more for the quality.",2025-12-08 11:47:48.319547
541,meta-llama/Meta-Llama-3.1-8B-Instruct-Turbo,3,"This product is decent, but it has some issues that can't be ignored. The battery life is not as long as I thought it would be, and the charging port is a bit flimsy. It's not a bad product, but it's not great either.",2025-12-08 11:47:53.872825
542,meta-llama/Meta-Llama-3.1-8B-Instruct-Turbo,3,"I was a bit skeptical about this product at first, but it's actually pretty good. The design is nice and the functionality is great. However, the customer service could be better. It's a decent product, but I wouldn't go out of my way to recommend it.",2025-12-08 11:47:53.874096
543,meta-llama/Meta-Llama-3.1-8B-Instruct-Turbo,3,"This product is average. It does what it's supposed to do, but it's not particularly impressive. The price is reasonable, but I expected more for the quality. It's not a bad product, but it's not great either.",2025-12-08 11:47:53.875202
544,meta-llama/Meta-Llama-3.1-8B-Instruct-Turbo,3,"I'm a software engineer and I was looking for a product that would make my life easier. This product is okay, but it's not as intuitive as I thought it would be. The features are nice, but the user interface could be better. It's a decent product, but I wouldn't recommend it to anyone else.",2025-12-08 11:47:53.876301
545,meta-llama/Meta-Llama-3.1-8B-Instruct-Turbo,3,"It's okay, but the delivery time was longer than expected. The product works fine, but the packaging could be better. It's a decent product for the price, but I expected more.",2025-12-08 11:47:53.877106
546,meta-llama/Meta-Llama-3.1-8B-Instruct-Turbo,3,"Good price, but the quality could be better. It's a decent product, but I've seen better in the same price range. The features are nice, though.",2025-12-08 11:47:58.461870
547,meta-llama/Meta-Llama-3.1-8B-Instruct-Turbo,3,"Works fine for basic use, but lacks some features I expected. The build quality feels cheap, but it's a good price. I'd recommend it for casual use.",2025-12-08 11:47:58.463095
548,meta-llama/Meta-Llama-3.1-8B-Instruct-Turbo,4,"I'm happy with the purchase. The product works well, and the features are great. My only suggestion is to improve the battery life.",2025-12-08 11:47:58.464689
549,meta-llama/Meta-Llama-3.1-8B-Instruct-Turbo,4,"Great product, just wish it had more storage. It's very good for the price, and the customer service is excellent. I'd recommend it to anyone.",2025-12-08 11:47:58.465870
550,meta-llama/Meta-Llama-3.1-8B-Instruct-Turbo,2,"I was really looking forward to using this product, but unfortunately, it's been a huge disappointment. The build quality is poor, and it's already broken after just a few uses. Not worth the money at all.",2025-12-08 11:47:58.466668
551,meta-llama/Meta-Llama-3.1-8B-Instruct-Turbo,3,"This product has some nice features, but it's also got some major drawbacks. The interface is user-friendly, but the camera quality is subpar. It's also a bit slow to charge. Overall, it's an average product that could be better.",2025-12-08 11:48:03.145119
552,meta-llama/Meta-Llama-3.1-8B-Instruct-Turbo,3,"I've been using this product for a while now, and it's been a mixed bag. The sound quality is good, but the build quality is cheap. It's also a bit too big for my liking. Overall, it's an okay product, but not great.",2025-12-08 11:48:03.146333
553,meta-llama/Meta-Llama-3.1-8B-Instruct-Turbo,3,"This product is decent, but it has some major issues. The battery life is okay, but the charging port is really flimsy and can easily break. It's also a bit too heavy for my liking. Overall, it's an average product that could be better.",2025-12-08 11:48:03.147596
554,meta-llama/Meta-Llama-3.1-8B-Instruct-Turbo,4,"I've been using this product for a while now, and it's been a great experience. The sound quality is excellent, and the build quality is top-notch. The only thing I'd change is the price, which could be a bit lower. Overall, it's a great product that I'd highly recommend.",2025-12-08 11:48:03.148789
555,meta-llama/Meta-Llama-3.1-8B-Instruct-Turbo,4,"This product is amazing! The design is sleek, and the performance is excellent. The only thing I'd change is the battery life, which could be a bit longer. Overall, it's a great product that I'd highly recommend.",2025-12-08 11:48:03.150091
556,meta-llama/Meta-Llama-3.1-8B-Instruct-Turbo,1,"I ordered the Echo Dot (4th Gen) on 9th Aug, delivery stated within 7 days. On 23rd August, still no delivery, checked order online, states delivery expected 9th September! Cancelled order, left review in Amazon Today Amazon rejected my negative review giving confusing reasons!",2025-12-08 11:48:03.150933
557,meta-llama/Meta-Llama-3.1-8B-Instruct-Turbo,4,"Great product. I was a bit skeptical about buying a smart speaker, but this Echo Dot (4th Gen) has been a game-changer for my home. The voice assistant is so convenient and the sound quality is amazing. I've had it for a few weeks now and I'm really happy with it. The only thing I'd say is that the design could be a bit more premium, but overall it's a fantastic product for the price.",2025-12-08 11:48:11.525668
558,meta-llama/Meta-Llama-3.1-8B-Instruct-Turbo,3,"I've had the Echo Dot (4th Gen) for a few weeks now and it's been a mixed bag. On the one hand, the voice assistant is really convenient and the sound quality is great. However, the design feels a bit cheap and the connectivity can be a bit spotty at times. Overall, it's an okay product, but I'm not entirely sure if it's worth the money.",2025-12-08 11:48:11.526983
559,meta-llama/Meta-Llama-3.1-8B-Instruct-Turbo,4,"I recently purchased the AmazonBasics Wireless Charging Pad and I'm really happy with it. The charging speed is fast and the design is sleek and modern. I've had no issues with it so far and it's been a great addition to my daily routine. My only suggestion would be to include a USB-C cable in the box, but overall it's a great product for the price.",2025-12-08 11:48:11.528099
560,meta-llama/Meta-Llama-3.1-8B-Instruct-Turbo,4,"I've been using the AmazonBasics Rechargeable AA Batteries for a few months now and I'm really impressed with their performance. The battery life is long-lasting and the charging speed is fast. I've had no issues with them so far and they've been a great alternative to traditional batteries. My only suggestion would be to include a battery tester in the box, but overall it's a great product.",2025-12-08 11:48:11.529257
561,meta-llama/Meta-Llama-3.1-8B-Instruct-Turbo,4,"I recently purchased the AmazonBasics LED Desk Lamp and I'm really happy with it. The lighting is bright and the design is modern and sleek. I've had no issues with it so far and it's been a great addition to my home office. My only suggestion would be to include a USB port in the lamp, but overall it's a great product for the price.",2025-12-08 11:48:11.530645
562,meta-llama/Meta-Llama-3.1-8B-Instruct-Turbo,4,"I've been using the AmazonBasics Microfiber Cleaning Cloths for a few months now and I'm really impressed with their quality. The cloths are soft and absorbent and they've been a great addition to my cleaning routine. My only suggestion would be to include a few more cloths in the box, but overall it's a great product for the price.",2025-12-08 11:48:11.531743
563,meta-llama/Meta-Llama-3.1-8B-Instruct-Turbo,4,"I recently purchased the AmazonBasics USB-C Cable and I'm really happy with it. The cable is durable and the charging speed is fast. I've had no issues with it so far and it's been a great addition to my daily routine. My only suggestion would be to include a USB-C adapter in the box, but overall it's a great product for the price.",2025-12-08 11:48:11.533234
564,meta-llama/Meta-Llama-3.1-8B-Instruct-Turbo,4,"I've been using the AmazonBasics Power Bank for a few months now and I'm really impressed with its performance. The battery life is long-lasting and the charging speed is fast. I've had no issues with it so far and it's been a great alternative to traditional power banks. My only suggestion would be to include a few more USB ports, but overall it's a great product.",2025-12-08 11:48:11.534589
565,meta-llama/Meta-Llama-3.1-8B-Instruct-Turbo,3,"I've had the AmazonBasics 2-Pack Rechargeable AA Batteries for a few weeks now and it's been a mixed bag. On the one hand, the battery life is long-lasting and the charging speed is fast. However, the packaging feels a bit cheap and the design could be a bit more premium. Overall, it's an okay product, but I'm not entirely sure if it's worth the money.",2025-12-08 11:48:11.535709
566,meta-llama/Meta-Llama-3.1-8B-Instruct-Turbo,3,"I was initially excited about the Amazon Echo Show 8, but it has some issues that make it not worth the money. The display is great, and the camera is decent, but the speakers are pretty average. I was expecting more from the sound quality, especially at this price point. Additionally, the device can be slow to respond to voice commands, which is frustrating. However, the Alexa integration is seamless, and the device is easy to set up. Overall, it's an okay product, but I wouldn't recommend it to anyone looking for a top-notch smart display.",2025-12-08 11:48:11.536701
567,meta-llama/Meta-Llama-3.1-8B-Instruct-Turbo,4,"I've been using the Amazon Echo Dot (4th Gen) for a few weeks now, and I'm really happy with it. The sound quality is surprisingly good, considering its size, and the device is easy to set up and use. I've also been impressed with the Alexa integration, which has been seamless and reliable. My only criticism is that the device can be a bit finicky with certain voice commands, but overall, it's a great addition to my smart home setup. I would definitely recommend it to anyone looking for a compact and affordable smart speaker.",2025-12-08 11:48:20.834176
568,meta-llama/Meta-Llama-3.1-8B-Instruct-Turbo,1,"I'm extremely disappointed with the Amazon Fire TV Stick 4K. The device itself is fine, but the streaming quality is terrible. I've experienced constant buffering and lag, even with a stable internet connection. The remote control is also flimsy and uncomfortable to hold. I've tried resetting the device and updating the software, but nothing seems to work. I would not recommend this product to anyone. It's a waste of money.",2025-12-08 11:48:20.835698
569,meta-llama/Meta-Llama-3.1-8B-Instruct-Turbo,3,"I've been using the AmazonBasics Microwave for a few months now, and it's been a mixed bag. The device itself is compact and easy to use, but the performance has been inconsistent. Sometimes it cooks food perfectly, but other times it undercooks or overcooks it. I've also noticed that the device can be a bit finicky with certain types of food, which is frustrating. However, the price is relatively low, and the device is easy to clean. Overall, it's an okay product, but I wouldn't recommend it to anyone looking for a high-quality microwave.",2025-12-08 11:48:20.837243
570,meta-llama/Meta-Llama-3.1-8B-Instruct-Turbo,5,"I'm absolutely loving the Amazon Kindle Paperwhite! The display is stunning, and the device is incredibly lightweight and easy to carry. The battery life is also impressive, and I've been able to get a week or more of use out of a single charge. The device is also incredibly easy to set up and use, and the interface is intuitive and user-friendly. I've been reading for hours on end, and my eyes haven't gotten tired at all. I would definitely recommend this device to anyone looking for a great e-reader.",2025-12-08 11:48:20.838550
571,meta-llama/Meta-Llama-3.1-8B-Instruct-Turbo,2,"I was really looking forward to trying the Amazon Echo Frames, but they've been a disappointment. The frames themselves are comfortable to wear, but the sound quality is terrible. The audio is muffled and distorted, and I've had to turn up the volume to an uncomfortable level just to hear what's being said. The Alexa integration is also finicky, and I've had to restart the device multiple times just to get it to work. I would not recommend these frames to anyone. They're a waste of money.",2025-12-08 11:48:20.839647
572,meta-llama/Meta-Llama-3.1-8B-Instruct-Turbo,4,"I've been using the Amazon Echo Show 5 for a few weeks now, and I'm really happy with it. The display is great, and the camera is decent. The device is also easy to set up and use, and the Alexa integration is seamless. My only criticism is that the device can be a bit slow to respond to voice commands, but overall, it's a great addition to my smart home setup. I would definitely recommend it to anyone looking for a compact and affordable smart display.",2025-12-08 11:48:20.840909
573,meta-llama/Meta-Llama-3.1-8B-Instruct-Turbo,3,"I've been using the AmazonBasics Bluetooth Speaker for a few months now, and it's been a mixed bag. The device itself is compact and easy to use, but the sound quality has been inconsistent. Sometimes it produces great sound, but other times it's muffled and distorted. I've also noticed that the device can be a bit finicky with certain types of music, which is frustrating. However, the price is relatively low, and the device is easy to set up and use. Overall, it's an okay product, but I wouldn't recommend it to anyone looking for a high-quality speaker.",2025-12-08 11:48:20.842114
574,meta-llama/Meta-Llama-3.1-8B-Instruct-Turbo,4,"I've been using the Amazon Echo Spot for a few weeks now, and I'm really happy with it. The device itself is compact and easy to use, and the Alexa integration is seamless. The display is also great, and the camera is decent. My only criticism is that the device can be a bit slow to respond to voice commands, but overall, it's a great addition to my smart home setup. I would definitely recommend it to anyone looking for a compact and affordable smart display.",2025-12-08 11:48:20.843180
575,meta-llama/Meta-Llama-3.1-8B-Instruct-Turbo,5,I'm so glad I bought this product. It's exactly what I needed and it works perfectly. I've been using it for a few weeks now and I'm really happy with the performance. The price was also very reasonable. I would highly recommend this to anyone who needs a reliable product like this.,2025-12-08 11:48:20.843867
576,meta-llama/Meta-Llama-3.1-8B-Instruct-Turbo,4,"I'm really happy with this product, but there's one thing that's been a bit of a problem. The instructions were a bit confusing, but I managed to figure it out after a few tries. Other than that, it's been working great and I've been using it every day. I would definitely recommend this to anyone who needs a good quality product like this.",2025-12-08 11:48:25.594364
577,meta-llama/Meta-Llama-3.1-8B-Instruct-Turbo,4,"I'm really happy with this product. It's been working great and I've been using it every day. The price was also very reasonable. I would definitely recommend this to anyone who needs a good quality product like this. One thing I would suggest is that they improve the packaging. It was a bit damaged when it arrived, but that's not a big deal.",2025-12-08 11:48:25.595687
578,meta-llama/Meta-Llama-3.1-8B-Instruct-Turbo,5,"I love this product. It's exactly what I needed and it works perfectly. I've been using it for a few weeks now and I'm really happy with the performance. The price was also very reasonable. I would highly recommend this to anyone who needs a reliable product like this. It's also very easy to use, which is a big plus for me.",2025-12-08 11:48:25.596811
579,meta-llama/Meta-Llama-3.1-8B-Instruct-Turbo,5,"I'm so glad I bought this product. It's exactly what I needed and it works perfectly. I've been using it for a few weeks now and I'm really happy with the performance. The price was also very reasonable. I would highly recommend this to anyone who needs a reliable product like this. It's also very durable, which is a big plus for me.",2025-12-08 11:48:25.598036
580,meta-llama/Meta-Llama-3.1-8B-Instruct-Turbo,5,"I love this product. It's exactly what I needed and it works perfectly. I've been using it for a few weeks now and I'm really happy with the performance. The price was also very reasonable. I would highly recommend this to anyone who needs a reliable product like this. It's also very easy to use, which is a big plus for me. I would definitely buy it again if I needed something like this.",2025-12-08 11:48:25.599154
581,meta-llama/Meta-Llama-3.1-8B-Instruct-Turbo,4,"I'm really happy with this product, but there's one thing that's been a bit of a problem. The instructions were a bit confusing, but I managed to figure it out after a few tries. Other than that, it's been working great and I've been using it every day. I would definitely recommend this to anyone who needs a good quality product like this. One thing I would suggest is that they improve the packaging. It was a bit damaged when it arrived, but that's not a big deal.",2025-12-08 11:48:25.600459
582,meta-llama/Meta-Llama-3.1-8B-Instruct-Turbo,3,"I purchased this product hoping it would solve my problem, but it didn't quite meet my expectations. The product worked as described, but it had some issues with connectivity. The customer service was helpful, but the product itself was just okay. I would recommend this product to someone who needs a basic solution, but it's not perfect.",2025-12-08 11:48:25.601513
583,meta-llama/Meta-Llama-3.1-8B-Instruct-Turbo,1,"Complete waste of money. I bought this product thinking it would be good for my work as a software engineer, but it turned out to be a terrible experience. The quality is poor, and the customer service is even worse. I would not recommend this product to anyone.",2025-12-08 11:48:31.914520
584,meta-llama/Meta-Llama-3.1-8B-Instruct-Turbo,5,"I'm absolutely thrilled with this product! As a software engineer, I'm always on the lookout for tools that can help me streamline my workflow, and this one has exceeded my expectations. The build quality is top-notch, and the performance is lightning-fast. I've already recommended it to all my colleagues!",2025-12-08 11:48:38.306819
585,meta-llama/Meta-Llama-3.1-8B-Instruct-Turbo,5,"I was a bit skeptical about buying this product online, but I'm so glad I took the chance. The packaging was excellent, and the product itself is even better. The quality is exceptional, and the customer service is top-notch. I've already placed another order for a friend!",2025-12-08 11:48:38.308342
586,meta-llama/Meta-Llama-3.1-8B-Instruct-Turbo,5,"I've been searching for a product like this for ages, and I'm so glad I finally found it. The performance is incredible, the design is stunning, and the price is affordable. I've already recommended it to all my friends and family. Five stars isn't enough - I'd give it ten stars if I could!",2025-12-08 11:48:38.309919
587,meta-llama/Meta-Llama-3.1-8B-Instruct-Turbo,5,"I'm blown away by the quality of this product. As a software engineer, I'm always on the lookout for tools that can help me improve my workflow, and this one has exceeded my expectations. The build quality is exceptional, and the performance is lightning-fast. I've already ordered another one for my colleague!",2025-12-08 11:48:38.311279
588,meta-llama/Meta-Llama-3.1-8B-Instruct-Turbo,5,"I was a bit hesitant about buying this product online, but I'm so glad I took the chance. The packaging was excellent, and the product itself is even better. The quality is exceptional, and the customer service is top-notch. I've already placed another order for a friend!",2025-12-08 11:48:38.312625
589,meta-llama/Meta-Llama-3.1-8B-Instruct-Turbo,5,"I've been searching for a product like this for ages, and I'm so glad I finally found it. The performance is incredible, the design is stunning, and the price is affordable. I've already recommended it to all my friends and family. Five stars isn't enough - I'd give it ten stars if I could!",2025-12-08 11:48:38.313743
590,meta-llama/Meta-Llama-3.1-8B-Instruct-Turbo,5,"I'm blown away by the quality of this product. As a software engineer, I'm always on the lookout for tools that can help me improve my workflow, and this one has exceeded my expectations. The build quality is exceptional, and the performance is lightning-fast. I've already ordered another one for my colleague!",2025-12-08 11:48:38.314735
591,meta-llama/Meta-Llama-3.1-8B-Instruct-Turbo,5,"I am thoroughly impressed with the quality of this product. As a software engineer, I'm always on the lookout for reliable and efficient tools. This AmazonBasics USB-C Hub exceeded my expectations. The build quality is excellent, and the hub works flawlessly with my MacBook Pro. I've connected multiple devices, including my external hard drive, keyboard, and monitor, without any issues. The price is also unbeatable. I highly recommend this product to anyone looking for a reliable USB-C hub.",2025-12-08 11:48:38.315492
592,meta-llama/Meta-Llama-3.1-8B-Instruct-Turbo,5,"I'm blown away by the performance of this AmazonBasics Power Bank. As a software engineer, I'm always on the go, and I need a reliable power bank to keep my devices charged. This power bank delivers. It's compact, lightweight, and has a high capacity battery that can charge my phone multiple times. The build quality is also excellent, and the price is unbeatable. I highly recommend this power bank to anyone looking for a reliable and affordable charging solution.",2025-12-08 11:48:45.445420
593,meta-llama/Meta-Llama-3.1-8B-Instruct-Turbo,5,"I've been using this AmazonBasics External Hard Drive for a few months now, and I'm extremely satisfied. The drive is fast, reliable, and has a large storage capacity. I've used it to store my important files and documents, and it's been a lifesaver. The build quality is also excellent, and the price is very competitive. I highly recommend this external hard drive to anyone looking for a reliable and affordable storage solution.",2025-12-08 11:48:45.446937
594,meta-llama/Meta-Llama-3.1-8B-Instruct-Turbo,5,"I'm thoroughly impressed with the quality of this AmazonBasics Wireless Mouse. As a software engineer, I'm always on the lookout for reliable and efficient tools. This mouse delivers. It's comfortable to use, and the wireless connectivity is rock-solid. I've paired it with my laptop without any issues. The battery life is also impressive, lasting for several months on a single charge. The price is also very competitive. I highly recommend this mouse to anyone looking for a reliable and affordable wireless mouse.",2025-12-08 11:48:45.448308
595,meta-llama/Meta-Llama-3.1-8B-Instruct-Turbo,5,"I've been using this AmazonBasics Soundbar for a few weeks now, and I'm extremely satisfied. The soundbar is compact, easy to set up, and delivers excellent sound quality. I've connected it to my TV without any issues, and it's been a game-changer for my home theater experience. The price is also very competitive. I highly recommend this soundbar to anyone looking for a reliable and affordable sound solution.",2025-12-08 11:48:45.449957
596,meta-llama/Meta-Llama-3.1-8B-Instruct-Turbo,5,"I've been using this AmazonBasics Portable Charger for a few months now, and I'm extremely satisfied. The charger is compact, lightweight, and has a high capacity battery that can charge my phone multiple times. I've used it to charge my phone, tablet, and laptop without any issues. The build quality is also excellent, and the price is very competitive. I highly recommend this charger to anyone looking for a reliable and affordable charging solution.",2025-12-08 11:48:45.451132
597,meta-llama/Meta-Llama-3.1-8B-Instruct-Turbo,5,"I'm thoroughly impressed with the quality of this AmazonBasics Wireless Headphones. As a software engineer, I'm always on the lookout for reliable and efficient tools. These headphones deliver. They're comfortable to wear, and the wireless connectivity is rock-solid. I've paired them with my phone and laptop without any issues. The battery life is also impressive, lasting for several hours on a single charge. The price is also very competitive. I highly recommend these headphones to anyone looking for a reliable and affordable wireless audio solution.",2025-12-08 11:48:45.452166
598,meta-llama/Meta-Llama-3.1-8B-Instruct-Turbo,5,"I've been using this AmazonBasics Smart Plug for a few weeks now, and I'm extremely satisfied. The plug is easy to set up, and it works flawlessly with my smart home system. I've controlled my lights, thermostat, and other devices with ease using the Amazon Alexa app. The build quality is also excellent, and the price is very competitive. I highly recommend this smart plug to anyone looking for a reliable and affordable smart home solution.",2025-12-08 11:48:45.453234
